count(*),mydate
1365,2006-01-01
1314,2006-01-02
1388,2006-01-03
1621,2006-01-04
1655,2006-01-05
1558,2006-01-06
1306,2006-01-07
1274,2006-01-08
1539,2006-01-09
1722,2006-01-10
1577,2006-01-11
1646,2006-01-12
1609,2006-01-13
1299,2006-01-14
1017,2006-01-15
1192,2006-01-16
1466,2006-01-17
1510,2006-01-18
1626,2006-01-19
1583,2006-01-20
1418,2006-01-21
1184,2006-01-22
1613,2006-01-23
1621,2006-01-24
1600,2006-01-25
1493,2006-01-26
1409,2006-01-27
1293,2006-01-28
1196,2006-01-29
1549,2006-01-30
1404,2006-01-31
1548,2006-02-01
1588,2006-02-02
1520,2006-02-03
1335,2006-02-04
1133,2006-02-05
1513,2006-02-06
1566,2006-02-07
1534,2006-02-08
1481,2006-02-09
1469,2006-02-10
1279,2006-02-11
611,2006-02-12
1086,2006-02-13
1304,2006-02-14
1543,2006-02-15
1618,2006-02-16
1596,2006-02-17
1226,2006-02-18
1058,2006-02-19
1249,2006-02-20
1492,2006-02-21
1489,2006-02-22
1450,2006-02-23
1290,2006-02-24
1224,2006-02-25
1042,2006-02-26
1339,2006-02-27
1447,2006-02-28
1525,2006-03-01
1325,2006-03-02
1419,2006-03-03
1261,2006-03-04
1155,2006-03-05
1523,2006-03-06
1515,2006-03-07
1574,2006-03-08
1553,2006-03-09
1576,2006-03-10
1389,2006-03-11
1169,2006-03-12
1523,2006-03-13
1584,2006-03-14
1654,2006-03-15
1527,2006-03-16
1479,2006-03-17
1302,2006-03-18
1153,2006-03-19
1515,2006-03-20
1602,2006-03-21
1606,2006-03-22
1616,2006-03-23
1499,2006-03-24
1321,2006-03-25
1222,2006-03-26
1615,2006-03-27
1547,2006-03-28
1517,2006-03-29
1508,2006-03-30
1449,2006-03-31
1350,2006-04-01
1223,2006-04-02
1417,2006-04-03
1597,2006-04-04
1602,2006-04-05
1577,2006-04-06
1549,2006-04-07
1292,2006-04-08
1229,2006-04-09
1524,2006-04-10
1562,2006-04-11
1708,2006-04-12
1590,2006-04-13
1405,2006-04-14
1294,2006-04-15
1113,2006-04-16
1491,2006-04-17
1507,2006-04-18
1567,2006-04-19
1569,2006-04-20
1479,2006-04-21
1149,2006-04-22
1171,2006-04-23
1480,2006-04-24
1570,2006-04-25
1533,2006-04-26
1575,2006-04-27
1638,2006-04-28
1327,2006-04-29
1231,2006-04-30
1626,2006-05-01
1647,2006-05-02
1590,2006-05-03
1591,2006-05-04
1629,2006-05-05
1376,2006-05-06
1284,2006-05-07
1574,2006-05-08
1608,2006-05-09
1679,2006-05-10
1641,2006-05-11
1513,2006-05-12
1301,2006-05-13
1202,2006-05-14
1520,2006-05-15
1560,2006-05-16
1627,2006-05-17
1584,2006-05-18
1428,2006-05-19
1333,2006-05-20
1252,2006-05-21
1575,2006-05-22
1721,2006-05-23
1600,2006-05-24
1675,2006-05-25
1534,2006-05-26
1332,2006-05-27
1207,2006-05-28
1210,2006-05-29
1779,2006-05-30
1620,2006-05-31
1641,2006-06-01
1445,2006-06-02
1286,2006-06-03
1317,2006-06-04
1595,2006-06-05
1591,2006-06-06
1413,2006-06-07
1501,2006-06-08
1621,2006-06-09
1293,2006-06-10
1254,2006-06-11
1694,2006-06-12
1633,2006-06-13
1700,2006-06-14
1601,2006-06-15
1602,2006-06-16
1369,2006-06-17
1205,2006-06-18
1596,2006-06-19
1802,2006-06-20
1829,2006-06-21
1730,2006-06-22
1675,2006-06-23
1286,2006-06-24
1285,2006-06-25
1642,2006-06-26
1632,2006-06-27
1718,2006-06-28
1585,2006-06-29
1385,2006-06-30
1365,2006-07-01
1247,2006-07-02
1418,2006-07-03
1287,2006-07-04
1791,2006-07-05
1599,2006-07-06
1593,2006-07-07
1380,2006-07-08
1289,2006-07-09
1638,2006-07-10
1635,2006-07-11
1552,2006-07-12
1668,2006-07-13
1583,2006-07-14
1375,2006-07-15
1261,2006-07-16
1496,2006-07-17
1632,2006-07-18
1698,2006-07-19
1688,2006-07-20
1463,2006-07-21
1368,2006-07-22
1291,2006-07-23
1637,2006-07-24
1709,2006-07-25
1717,2006-07-26
1585,2006-07-27
1590,2006-07-28
1391,2006-07-29
1303,2006-07-30
1599,2006-07-31
1531,2006-08-01
1541,2006-08-02
1584,2006-08-03
1556,2006-08-04
1401,2006-08-05
1284,2006-08-06
1619,2006-08-07
1745,2006-08-08
1758,2006-08-09
1673,2006-08-10
1600,2006-08-11
1432,2006-08-12
1237,2006-08-13
1671,2006-08-14
1660,2006-08-15
1726,2006-08-16
1598,2006-08-17
1534,2006-08-18
1398,2006-08-19
1352,2006-08-20
1670,2006-08-21
1605,2006-08-22
1607,2006-08-23
1680,2006-08-24
1496,2006-08-25
1373,2006-08-26
1132,2006-08-27
1520,2006-08-28
1423,2006-08-29
1536,2006-08-30
1546,2006-08-31
1490,2006-09-01
1104,2006-09-02
1205,2006-09-03
1324,2006-09-04
1539,2006-09-05
1572,2006-09-06
1616,2006-09-07
1571,2006-09-08
1396,2006-09-09
1295,2006-09-10
1618,2006-09-11
1448,2006-09-12
1663,2006-09-13
1548,2006-09-14
1430,2006-09-15
1381,2006-09-16
1325,2006-09-17
1540,2006-09-18
1619,2006-09-19
1727,2006-09-20
1618,2006-09-21
1568,2006-09-22
1423,2006-09-23
1428,2006-09-24
1752,2006-09-25
1741,2006-09-26
1708,2006-09-27
1721,2006-09-28
1581,2006-09-29
1439,2006-09-30
1312,2006-10-01
1627,2006-10-02
1704,2006-10-03
1638,2006-10-04
1588,2006-10-05
1535,2006-10-06
1406,2006-10-07
1288,2006-10-08
1477,2006-10-09
1645,2006-10-10
1461,2006-10-11
1712,2006-10-12
1536,2006-10-13
1299,2006-10-14
1280,2006-10-15
1544,2006-10-16
1430,2006-10-17
1678,2006-10-18
1647,2006-10-19
1560,2006-10-20
1363,2006-10-21
1296,2006-10-22
1587,2006-10-23
1562,2006-10-24
1584,2006-10-25
1619,2006-10-26
1513,2006-10-27
1285,2006-10-28
1354,2006-10-29
1568,2006-10-30
1590,2006-10-31
1875,2006-11-01
1522,2006-11-02
1468,2006-11-03
1282,2006-11-04
1192,2006-11-05
1606,2006-11-06
1431,2006-11-07
1347,2006-11-08
1678,2006-11-09
1580,2006-11-10
1391,2006-11-11
1246,2006-11-12
1530,2006-11-13
1641,2006-11-14
1577,2006-11-15
1546,2006-11-16
1578,2006-11-17
1289,2006-11-18
1212,2006-11-19
1527,2006-11-20
1544,2006-11-21
1412,2006-11-22
799,2006-11-23
1314,2006-11-24
1404,2006-11-25
1248,2006-11-26
1584,2006-11-27
1623,2006-11-28
1510,2006-11-29
1647,2006-11-30
1487,2006-12-01
1354,2006-12-02
1267,2006-12-03
1455,2006-12-04
1503,2006-12-05
1536,2006-12-06
1521,2006-12-07
1371,2006-12-08
1268,2006-12-09
1254,2006-12-10
1575,2006-12-11
1679,2006-12-12
1476,2006-12-13
1534,2006-12-14
1542,2006-12-15
1248,2006-12-16
1213,2006-12-17
1498,2006-12-18
1507,2006-12-19
1544,2006-12-20
1504,2006-12-21
1434,2006-12-22
1283,2006-12-23
977,2006-12-24
704,2006-12-25
1338,2006-12-26
1473,2006-12-27
1440,2006-12-28
1444,2006-12-29
1148,2006-12-30
946,2006-12-31
1374,2007-01-01
1623,2007-01-02
1659,2007-01-03
1703,2007-01-04
1680,2007-01-05
1361,2007-01-06
1249,2007-01-07
1488,2007-01-08
1591,2007-01-09
1577,2007-01-10
1567,2007-01-11
1554,2007-01-12
1387,2007-01-13
1241,2007-01-14
1367,2007-01-15
1628,2007-01-16
1429,2007-01-17
1564,2007-01-18
1544,2007-01-19
1279,2007-01-20
1129,2007-01-21
1421,2007-01-22
1545,2007-01-23
1607,2007-01-24
1485,2007-01-25
1225,2007-01-26
1299,2007-01-27
1287,2007-01-28
1328,2007-01-29
1402,2007-01-30
1412,2007-01-31
1473,2007-02-01
1452,2007-02-02
1225,2007-02-03
1016,2007-02-04
1228,2007-02-05
1319,2007-02-06
1485,2007-02-07
1445,2007-02-08
1401,2007-02-09
1251,2007-02-10
1134,2007-02-11
1400,2007-02-12
1467,2007-02-13
977,2007-02-14
1181,2007-02-15
1322,2007-02-16
1160,2007-02-17
1108,2007-02-18
1128,2007-02-19
1565,2007-02-20
1510,2007-02-21
1409,2007-02-22
1324,2007-02-23
1285,2007-02-24
1150,2007-02-25
1343,2007-02-26
1497,2007-02-27
1638,2007-02-28
1542,2007-03-01
1415,2007-03-02
1291,2007-03-03
1246,2007-03-04
1382,2007-03-05
1288,2007-03-06
1405,2007-03-07
1430,2007-03-08
1485,2007-03-09
1375,2007-03-10
1175,2007-03-11
1493,2007-03-12
1598,2007-03-13
1672,2007-03-14
1559,2007-03-15
1166,2007-03-16
898,2007-03-17
1133,2007-03-18
1339,2007-03-19
1541,2007-03-20
1516,2007-03-21
1578,2007-03-22
1586,2007-03-23
1292,2007-03-24
1269,2007-03-25
1534,2007-03-26
1588,2007-03-27
1617,2007-03-28
1531,2007-03-29
1509,2007-03-30
1296,2007-03-31
1156,2007-04-01
1389,2007-04-02
1409,2007-04-03
1297,2007-04-04
1354,2007-04-05
1322,2007-04-06
1277,2007-04-07
1001,2007-04-08
1321,2007-04-09
1460,2007-04-10
1559,2007-04-11
1321,2007-04-12
1493,2007-04-13
1355,2007-04-14
943,2007-04-15
1392,2007-04-16
1603,2007-04-17
1665,2007-04-18
1672,2007-04-19
1569,2007-04-20
1376,2007-04-21
1288,2007-04-22
1537,2007-04-23
1668,2007-04-24
1649,2007-04-25
1654,2007-04-26
1473,2007-04-27
1392,2007-04-28
1307,2007-04-29
1611,2007-04-30
1645,2007-05-01
1710,2007-05-02
1607,2007-05-03
1553,2007-05-04
1368,2007-05-05
1267,2007-05-06
1588,2007-05-07
1592,2007-05-08
1630,2007-05-09
1627,2007-05-10
1511,2007-05-11
1433,2007-05-12
1140,2007-05-13
1679,2007-05-14
1742,2007-05-15
1641,2007-05-16
1675,2007-05-17
1606,2007-05-18
1278,2007-05-19
1295,2007-05-20
1611,2007-05-21
1701,2007-05-22
1705,2007-05-23
1606,2007-05-24
1571,2007-05-25
1328,2007-05-26
1172,2007-05-27
1252,2007-05-28
1887,2007-05-29
1689,2007-05-30
1616,2007-05-31
1568,2007-06-01
1392,2007-06-02
1230,2007-06-03
1415,2007-06-04
1825,2007-06-05
1726,2007-06-06
1587,2007-06-07
1536,2007-06-08
1310,2007-06-09
1321,2007-06-10
1631,2007-06-11
1656,2007-06-12
1686,2007-06-13
1709,2007-06-14
1571,2007-06-15
1315,2007-06-16
1187,2007-06-17
1662,2007-06-18
1745,2007-06-19
1689,2007-06-20
1621,2007-06-21
1469,2007-06-22
1502,2007-06-23
1394,2007-06-24
1600,2007-06-25
1710,2007-06-26
1601,2007-06-27
1464,2007-06-28
1496,2007-06-29
1381,2007-06-30
1327,2007-07-01
1546,2007-07-02
1559,2007-07-03
1281,2007-07-04
1694,2007-07-05
1509,2007-07-06
1355,2007-07-07
1287,2007-07-08
1502,2007-07-09
1516,2007-07-10
1633,2007-07-11
1666,2007-07-12
1589,2007-07-13
1376,2007-07-14
1269,2007-07-15
1570,2007-07-16
1694,2007-07-17
1441,2007-07-18
1514,2007-07-19
1657,2007-07-20
1401,2007-07-21
1420,2007-07-22
1409,2007-07-23
1728,2007-07-24
1744,2007-07-25
1610,2007-07-26
1613,2007-07-27
1445,2007-07-28
1325,2007-07-29
1628,2007-07-30
1778,2007-07-31
1745,2007-08-01
1701,2007-08-02
1630,2007-08-03
1362,2007-08-04
1325,2007-08-05
1575,2007-08-06
1690,2007-08-07
1557,2007-08-08
1668,2007-08-09
1421,2007-08-10
1395,2007-08-11
1345,2007-08-12
1592,2007-08-13
1665,2007-08-14
1706,2007-08-15
1615,2007-08-16
1487,2007-08-17
1381,2007-08-18
1287,2007-08-19
1513,2007-08-20
1374,2007-08-21
1573,2007-08-22
1634,2007-08-23
1556,2007-08-24
1419,2007-08-25
1340,2007-08-26
1669,2007-08-27
1620,2007-08-28
1611,2007-08-29
1601,2007-08-30
1582,2007-08-31
1405,2007-09-01
1279,2007-09-02
1158,2007-09-03
1737,2007-09-04
1685,2007-09-05
1651,2007-09-06
1616,2007-09-07
1498,2007-09-08
1445,2007-09-09
1609,2007-09-10
1519,2007-09-11
1753,2007-09-12
1621,2007-09-13
1594,2007-09-14
1471,2007-09-15
1350,2007-09-16
1532,2007-09-17
1582,2007-09-18
1728,2007-09-19
1635,2007-09-20
1660,2007-09-21
1479,2007-09-22
1480,2007-09-23
1548,2007-09-24
1750,2007-09-25
1651,2007-09-26
1759,2007-09-27
1675,2007-09-28
1551,2007-09-29
1312,2007-09-30
1651,2007-10-01
1681,2007-10-02
1694,2007-10-03
1676,2007-10-04
1697,2007-10-05
1462,2007-10-06
1376,2007-10-07
1361,2007-10-08
1716,2007-10-09
1745,2007-10-10
1586,2007-10-11
1600,2007-10-12
1403,2007-10-13
1272,2007-10-14
1497,2007-10-15
1705,2007-10-16
1685,2007-10-17
1714,2007-10-18
1605,2007-10-19
1520,2007-10-20
1447,2007-10-21
1630,2007-10-22
1851,2007-10-23
1623,2007-10-24
1631,2007-10-25
1517,2007-10-26
1279,2007-10-27
1359,2007-10-28
1436,2007-10-29
1596,2007-10-30
1529,2007-10-31
1694,2007-11-01
1486,2007-11-02
1355,2007-11-03
1326,2007-11-04
1577,2007-11-05
1420,2007-11-06
1575,2007-11-07
1564,2007-11-08
1533,2007-11-09
1304,2007-11-10
1301,2007-11-11
1280,2007-11-12
1594,2007-11-13
1582,2007-11-14
1519,2007-11-15
1505,2007-11-16
1377,2007-11-17
1277,2007-11-18
1364,2007-11-19
1443,2007-11-20
1474,2007-11-21
831,2007-11-22
1280,2007-11-23
1255,2007-11-24
1278,2007-11-25
1446,2007-11-26
1648,2007-11-27
1476,2007-11-28
1456,2007-11-29
1480,2007-11-30
1277,2007-12-01
1077,2007-12-02
1386,2007-12-03
1448,2007-12-04
1470,2007-12-05
1458,2007-12-06
1502,2007-12-07
1380,2007-12-08
1164,2007-12-09
1455,2007-12-10
1582,2007-12-11
1587,2007-12-12
1312,2007-12-13
1476,2007-12-14
1387,2007-12-15
1045,2007-12-16
1394,2007-12-17
1598,2007-12-18
1461,2007-12-19
1499,2007-12-20
1582,2007-12-21
1280,2007-12-22
1228,2007-12-23
1164,2007-12-24
816,2007-12-25
1408,2007-12-26
1387,2007-12-27
1422,2007-12-28
1329,2007-12-29
1196,2007-12-30
1199,2007-12-31
1437,2008-01-01
1406,2008-01-02
1330,2008-01-03
1465,2008-01-04
1435,2008-01-05
1240,2008-01-06
1560,2008-01-07
1694,2008-01-08
1606,2008-01-09
1691,2008-01-10
1566,2008-01-11
1500,2008-01-12
1274,2008-01-13
1478,2008-01-14
1598,2008-01-15
1589,2008-01-16
1538,2008-01-17
1612,2008-01-18
1398,2008-01-19
1218,2008-01-20
1176,2008-01-21
1498,2008-01-22
1632,2008-01-23
1495,2008-01-24
1454,2008-01-25
1332,2008-01-26
1202,2008-01-27
1382,2008-01-28
1474,2008-01-29
1450,2008-01-30
1515,2008-01-31
1332,2008-02-01
1400,2008-02-02
1264,2008-02-03
1410,2008-02-04
1501,2008-02-05
1638,2008-02-06
1546,2008-02-07
1559,2008-02-08
1384,2008-02-09
1165,2008-02-10
1197,2008-02-11
1228,2008-02-12
1261,2008-02-13
1349,2008-02-14
1589,2008-02-15
1367,2008-02-16
1113,2008-02-17
1189,2008-02-18
1472,2008-02-19
1480,2008-02-20
1438,2008-02-21
1118,2008-02-22
1226,2008-02-23
1128,2008-02-24
1357,2008-02-25
1422,2008-02-26
1513,2008-02-27
1434,2008-02-28
1376,2008-02-29
1259,2008-03-01
1186,2008-03-02
1445,2008-03-03
1491,2008-03-04
1560,2008-03-05
1562,2008-03-06
1460,2008-03-07
1246,2008-03-08
1194,2008-03-09
1462,2008-03-10
1567,2008-03-11
1626,2008-03-12
1555,2008-03-13
1520,2008-03-14
1370,2008-03-15
1154,2008-03-16
1457,2008-03-17
1529,2008-03-18
1397,2008-03-19
1548,2008-03-20
1443,2008-03-21
1391,2008-03-22
1088,2008-03-23
1389,2008-03-24
1618,2008-03-25
1604,2008-03-26
1622,2008-03-27
1519,2008-03-28
1369,2008-03-29
1105,2008-03-30
1369,2008-03-31
1575,2008-04-01
1637,2008-04-02
1516,2008-04-03
1491,2008-04-04
1341,2008-04-05
1292,2008-04-06
1468,2008-04-07
1528,2008-04-08
1558,2008-04-09
1569,2008-04-10
1593,2008-04-11
1440,2008-04-12
1349,2008-04-13
1445,2008-04-14
1557,2008-04-15
1568,2008-04-16
1514,2008-04-17
1509,2008-04-18
1307,2008-04-19
1157,2008-04-20
1397,2008-04-21
1552,2008-04-22
1496,2008-04-23
1494,2008-04-24
1398,2008-04-25
1300,2008-04-26
1186,2008-04-27
1238,2008-04-28
1450,2008-04-29
1467,2008-04-30
1533,2008-05-01
1517,2008-05-02
1362,2008-05-03
1183,2008-05-04
1468,2008-05-05
1667,2008-05-06
1602,2008-05-07
1618,2008-05-08
1353,2008-05-09
1358,2008-05-10
1139,2008-05-11
1384,2008-05-12
1598,2008-05-13
1663,2008-05-14
1525,2008-05-15
1417,2008-05-16
1358,2008-05-17
1312,2008-05-18
1457,2008-05-19
1436,2008-05-20
1635,2008-05-21
1533,2008-05-22
1624,2008-05-23
1301,2008-05-24
1194,2008-05-25
1163,2008-05-26
1772,2008-05-27
1683,2008-05-28
1555,2008-05-29
1574,2008-05-30
1280,2008-05-31
1244,2008-06-01
1598,2008-06-02
1722,2008-06-03
1627,2008-06-04
1607,2008-06-05
1646,2008-06-06
1324,2008-06-07
1272,2008-06-08
1419,2008-06-09
1499,2008-06-10
1681,2008-06-11
1620,2008-06-12
1655,2008-06-13
1411,2008-06-14
1131,2008-06-15
1598,2008-06-16
1678,2008-06-17
1595,2008-06-18
1609,2008-06-19
1617,2008-06-20
1461,2008-06-21
1275,2008-06-22
1525,2008-06-23
1731,2008-06-24
1670,2008-06-25
1654,2008-06-26
1553,2008-06-27
1367,2008-06-28
1251,2008-06-29
1479,2008-06-30
1602,2008-07-01
1608,2008-07-02
1488,2008-07-03
1102,2008-07-04
1363,2008-07-05
1221,2008-07-06
1400,2008-07-07
1509,2008-07-08
1580,2008-07-09
1496,2008-07-10
1618,2008-07-11
1337,2008-07-12
1242,2008-07-13
1496,2008-07-14
1581,2008-07-15
1623,2008-07-16
1633,2008-07-17
1585,2008-07-18
1385,2008-07-19
1296,2008-07-20
1521,2008-07-21
1630,2008-07-22
1722,2008-07-23
1645,2008-07-24
1586,2008-07-25
1437,2008-07-26
1321,2008-07-27
1570,2008-07-28
1786,2008-07-29
1694,2008-07-30
1555,2008-07-31
1585,2008-08-01
1444,2008-08-02
1391,2008-08-03
1550,2008-08-04
1630,2008-08-05
1577,2008-08-06
1676,2008-08-07
1502,2008-08-08
1431,2008-08-09
1322,2008-08-10
1496,2008-08-11
1607,2008-08-12
1617,2008-08-13
1515,2008-08-14
1557,2008-08-15
1424,2008-08-16
1361,2008-08-17
1556,2008-08-18
1684,2008-08-19
1615,2008-08-20
1591,2008-08-21
1618,2008-08-22
1341,2008-08-23
1304,2008-08-24
1515,2008-08-25
1581,2008-08-26
1568,2008-08-27
1618,2008-08-28
1539,2008-08-29
1425,2008-08-30
1249,2008-08-31
1236,2008-09-01
1580,2008-09-02
1644,2008-09-03
1610,2008-09-04
1619,2008-09-05
1214,2008-09-06
1343,2008-09-07
1545,2008-09-08
1461,2008-09-09
1639,2008-09-10
1558,2008-09-11
1543,2008-09-12
1463,2008-09-13
1348,2008-09-14
1574,2008-09-15
1629,2008-09-16
1650,2008-09-17
1618,2008-09-18
1604,2008-09-19
1421,2008-09-20
1280,2008-09-21
1543,2008-09-22
1572,2008-09-23
1639,2008-09-24
1483,2008-09-25
1470,2008-09-26
1399,2008-09-27
1290,2008-09-28
1571,2008-09-29
1538,2008-09-30
1576,2008-10-01
1551,2008-10-02
1610,2008-10-03
1339,2008-10-04
1233,2008-10-05
1419,2008-10-06
1565,2008-10-07
1550,2008-10-08
1572,2008-10-09
1683,2008-10-10
1399,2008-10-11
1220,2008-10-12
1317,2008-10-13
1655,2008-10-14
1727,2008-10-15
1641,2008-10-16
1557,2008-10-17
1383,2008-10-18
1217,2008-10-19
1509,2008-10-20
1614,2008-10-21
1471,2008-10-22
1484,2008-10-23
1604,2008-10-24
1403,2008-10-25
1231,2008-10-26
1537,2008-10-27
1288,2008-10-28
1470,2008-10-29
1466,2008-10-30
1470,2008-10-31
1451,2008-11-01
1222,2008-11-02
1374,2008-11-03
1291,2008-11-04
1448,2008-11-05
1492,2008-11-06
1577,2008-11-07
1409,2008-11-08
1254,2008-11-09
1429,2008-11-10
1377,2008-11-11
1470,2008-11-12
1369,2008-11-13
1531,2008-11-14
1298,2008-11-15
1139,2008-11-16
1421,2008-11-17
1492,2008-11-18
1533,2008-11-19
1517,2008-11-20
1566,2008-11-21
1244,2008-11-22
1106,2008-11-23
1405,2008-11-24
1502,2008-11-25
1441,2008-11-26
768,2008-11-27
1364,2008-11-28
1273,2008-11-29
1084,2008-11-30
1442,2008-12-01
1655,2008-12-02
1521,2008-12-03
1403,2008-12-04
1506,2008-12-05
1294,2008-12-06
1081,2008-12-07
1319,2008-12-08
1534,2008-12-09
1567,2008-12-10
1358,2008-12-11
1465,2008-12-12
1315,2008-12-13
1108,2008-12-14
1367,2008-12-15
1495,2008-12-16
1451,2008-12-17
1548,2008-12-18
1114,2008-12-19
1165,2008-12-20
1062,2008-12-21
1243,2008-12-22
1335,2008-12-23
934,2008-12-24
713,2008-12-25
1294,2008-12-26
1273,2008-12-27
1215,2008-12-28
1364,2008-12-29
1365,2008-12-30
1036,2008-12-31
1223,2009-01-01
1367,2009-01-02
1279,2009-01-03
1101,2009-01-04
1407,2009-01-05
1479,2009-01-06
1398,2009-01-07
1481,2009-01-08
1491,2009-01-09
1135,2009-01-10
1000,2009-01-11
1285,2009-01-12
1609,2009-01-13
1471,2009-01-14
1281,2009-01-15
1316,2009-01-16
1248,2009-01-17
1051,2009-01-18
1018,2009-01-19
1388,2009-01-20
1446,2009-01-21
1481,2009-01-22
1492,2009-01-23
1326,2009-01-24
1037,2009-01-25
1299,2009-01-26
1437,2009-01-27
1180,2009-01-28
1402,2009-01-29
1426,2009-01-30
1243,2009-01-31
1109,2009-02-01
1396,2009-02-02
1204,2009-02-03
1368,2009-02-04
1284,2009-02-05
1351,2009-02-06
1277,2009-02-07
1076,2009-02-08
1330,2009-02-09
1460,2009-02-10
1592,2009-02-11
1534,2009-02-12
1490,2009-02-13
1226,2009-02-14
1090,2009-02-15
1162,2009-02-16
1350,2009-02-17
1329,2009-02-18
1401,2009-02-19
1396,2009-02-20
1317,2009-02-21
1097,2009-02-22
1261,2009-02-23
1477,2009-02-24
1528,2009-02-25
1544,2009-02-26
1575,2009-02-27
1292,2009-02-28
1143,2009-03-01
861,2009-03-02
1198,2009-03-03
1376,2009-03-04
1486,2009-03-05
1521,2009-03-06
1456,2009-03-07
1165,2009-03-08
1412,2009-03-09
1515,2009-03-10
1674,2009-03-11
1541,2009-03-12
1480,2009-03-13
1359,2009-03-14
1205,2009-03-15
1408,2009-03-16
1452,2009-03-17
1570,2009-03-18
1487,2009-03-19
1503,2009-03-20
1362,2009-03-21
1167,2009-03-22
1333,2009-03-23
1446,2009-03-24
1592,2009-03-25
1426,2009-03-26
1537,2009-03-27
1363,2009-03-28
1156,2009-03-29
1440,2009-03-30
1587,2009-03-31
1557,2009-04-01
1482,2009-04-02
1430,2009-04-03
1267,2009-04-04
1163,2009-04-05
1331,2009-04-06
1514,2009-04-07
1583,2009-04-08
1476,2009-04-09
1402,2009-04-10
1205,2009-04-11
936,2009-04-12
1316,2009-04-13
1318,2009-04-14
1303,2009-04-15
1332,2009-04-16
1425,2009-04-17
1348,2009-04-18
1127,2009-04-19
1203,2009-04-20
1506,2009-04-21
1552,2009-04-22
1503,2009-04-23
1576,2009-04-24
1250,2009-04-25
1270,2009-04-26
1443,2009-04-27
1537,2009-04-28
1647,2009-04-29
1551,2009-04-30
1516,2009-05-01
1427,2009-05-02
1130,2009-05-03
1277,2009-05-04
1499,2009-05-05
1594,2009-05-06
1470,2009-05-07
1618,2009-05-08
1436,2009-05-09
1146,2009-05-10
1442,2009-05-11
1667,2009-05-12
1720,2009-05-13
1463,2009-05-14
1573,2009-05-15
1374,2009-05-16
1150,2009-05-17
1440,2009-05-18
1508,2009-05-19
1629,2009-05-20
1563,2009-05-21
1506,2009-05-22
1398,2009-05-23
1164,2009-05-24
1184,2009-05-25
1610,2009-05-26
1531,2009-05-27
1441,2009-05-28
1573,2009-05-29
1331,2009-05-30
1209,2009-05-31
1444,2009-06-01
1553,2009-06-02
1528,2009-06-03
1330,2009-06-04
1318,2009-06-05
1239,2009-06-06
1235,2009-06-07
1511,2009-06-08
1481,2009-06-09
1540,2009-06-10
1513,2009-06-11
1515,2009-06-12
1390,2009-06-13
1229,2009-06-14
1466,2009-06-15
1619,2009-06-16
1520,2009-06-17
1322,2009-06-18
1518,2009-06-19
1352,2009-06-20
1124,2009-06-21
1622,2009-06-22
1704,2009-06-23
1518,2009-06-24
1556,2009-06-25
1504,2009-06-26
1357,2009-06-27
1278,2009-06-28
1494,2009-06-29
1493,2009-06-30
1607,2009-07-01
1473,2009-07-02
1516,2009-07-03
1236,2009-07-04
1300,2009-07-05
1423,2009-07-06
1513,2009-07-07
1575,2009-07-08
1553,2009-07-09
1444,2009-07-10
1346,2009-07-11
1142,2009-07-12
1478,2009-07-13
1563,2009-07-14
1626,2009-07-15
1513,2009-07-16
1531,2009-07-17
1404,2009-07-18
1355,2009-07-19
1552,2009-07-20
1516,2009-07-21
1626,2009-07-22
1437,2009-07-23
1448,2009-07-24
1362,2009-07-25
1222,2009-07-26
1463,2009-07-27
1638,2009-07-28
1506,2009-07-29
1574,2009-07-30
1467,2009-07-31
1366,2009-08-01
1231,2009-08-02
1476,2009-08-03
1601,2009-08-04
1649,2009-08-05
1550,2009-08-06
1587,2009-08-07
1421,2009-08-08
1351,2009-08-09
1440,2009-08-10
1568,2009-08-11
1612,2009-08-12
1624,2009-08-13
1601,2009-08-14
1476,2009-08-15
1295,2009-08-16
1554,2009-08-17
1500,2009-08-18
1634,2009-08-19
1637,2009-08-20
1466,2009-08-21
1373,2009-08-22
1315,2009-08-23
1508,2009-08-24
1628,2009-08-25
1661,2009-08-26
1673,2009-08-27
1409,2009-08-28
1310,2009-08-29
1295,2009-08-30
1424,2009-08-31
1603,2009-09-01
1534,2009-09-02
1508,2009-09-03
1501,2009-09-04
1431,2009-09-05
1275,2009-09-06
1196,2009-09-07
1593,2009-09-08
1460,2009-09-09
1453,2009-09-10
1240,2009-09-11
1355,2009-09-12
1299,2009-09-13
1395,2009-09-14
1513,2009-09-15
1617,2009-09-16
1703,2009-09-17
1587,2009-09-18
1392,2009-09-19
1194,2009-09-20
1502,2009-09-21
1628,2009-09-22
1619,2009-09-23
1593,2009-09-24
1562,2009-09-25
1370,2009-09-26
1179,2009-09-27
1360,2009-09-28
1459,2009-09-29
1518,2009-09-30
1486,2009-10-01
1537,2009-10-02
1393,2009-10-03
1350,2009-10-04
1417,2009-10-05
1666,2009-10-06
1540,2009-10-07
1612,2009-10-08
1503,2009-10-09
1390,2009-10-10
1220,2009-10-11
1242,2009-10-12
1620,2009-10-13
1612,2009-10-14
1267,2009-10-15
1384,2009-10-16
1363,2009-10-17
1122,2009-10-18
1335,2009-10-19
1483,2009-10-20
1709,2009-10-21
1575,2009-10-22
1618,2009-10-23
1261,2009-10-24
1281,2009-10-25
1491,2009-10-26
1454,2009-10-27
1440,2009-10-28
1471,2009-10-29
1515,2009-10-30
1362,2009-10-31
1405,2009-11-01
1529,2009-11-02
1363,2009-11-03
1492,2009-11-04
1536,2009-11-05
1415,2009-11-06
1362,2009-11-07
1275,2009-11-08
1411,2009-11-09
1624,2009-11-10
1476,2009-11-11
1417,2009-11-12
1487,2009-11-13
1229,2009-11-14
1222,2009-11-15
1500,2009-11-16
1645,2009-11-17
1552,2009-11-18
1552,2009-11-19
1636,2009-11-20
1409,2009-11-21
1170,2009-11-22
1423,2009-11-23
1558,2009-11-24
1429,2009-11-25
757,2009-11-26
1256,2009-11-27
1251,2009-11-28
1222,2009-11-29
1374,2009-11-30
1478,2009-12-01
1535,2009-12-02
1501,2009-12-03
1481,2009-12-04
1237,2009-12-05
1094,2009-12-06
1406,2009-12-07
1490,2009-12-08
1365,2009-12-09
1484,2009-12-10
1323,2009-12-11
1300,2009-12-12
1084,2009-12-13
1367,2009-12-14
1512,2009-12-15
1475,2009-12-16
1294,2009-12-17
1355,2009-12-18
1079,2009-12-19
800,2009-12-20
1136,2009-12-21
1343,2009-12-22
1245,2009-12-23
960,2009-12-24
694,2009-12-25
938,2009-12-26
1131,2009-12-27
1327,2009-12-28
1339,2009-12-29
1465,2009-12-30
1094,2009-12-31
1427,2010-01-01
1087,2010-01-02
993,2010-01-03
1268,2010-01-04
1448,2010-01-05
1498,2010-01-06
1576,2010-01-07
1442,2010-01-08
1249,2010-01-09
1108,2010-01-10
1328,2010-01-11
1442,2010-01-12
1438,2010-01-13
1563,2010-01-14
1659,2010-01-15
1361,2010-01-16
1141,2010-01-17
1233,2010-01-18
1563,2010-01-19
1618,2010-01-20
1577,2010-01-21
1604,2010-01-22
1436,2010-01-23
1177,2010-01-24
1241,2010-01-25
1535,2010-01-26
1501,2010-01-27
1350,2010-01-28
1319,2010-01-29
1149,2010-01-30
1030,2010-01-31
1280,2010-02-01
1449,2010-02-02
1422,2010-02-03
1399,2010-02-04
1523,2010-02-05
1250,2010-02-06
1008,2010-02-07
1237,2010-02-08
1304,2010-02-09
739,2010-02-10
1207,2010-02-11
1304,2010-02-12
1257,2010-02-13
941,2010-02-14
961,2010-02-15
1118,2010-02-16
1276,2010-02-17
1384,2010-02-18
1390,2010-02-19
1321,2010-02-20
1179,2010-02-21
1282,2010-02-22
1255,2010-02-23
1479,2010-02-24
1107,2010-02-25
788,2010-02-26
1177,2010-02-27
972,2010-02-28
1280,2010-03-01
1489,2010-03-02
1487,2010-03-03
1554,2010-03-04
1519,2010-03-05
1398,2010-03-06
1207,2010-03-07
1389,2010-03-08
1540,2010-03-09
1589,2010-03-10
1511,2010-03-11
1343,2010-03-12
1026,2010-03-13
995,2010-03-14
1324,2010-03-15
1523,2010-03-16
1544,2010-03-17
1612,2010-03-18
1479,2010-03-19
1391,2010-03-20
1231,2010-03-21
1212,2010-03-22
1451,2010-03-23
1552,2010-03-24
1625,2010-03-25
1559,2010-03-26
1240,2010-03-27
1140,2010-03-28
1191,2010-03-29
1128,2010-03-30
1393,2010-03-31
1454,2010-04-01
1355,2010-04-02
1228,2010-04-03
1050,2010-04-04
1341,2010-04-05
1474,2010-04-06
1533,2010-04-07
1588,2010-04-08
1539,2010-04-09
1283,2010-04-10
1255,2010-04-11
1427,2010-04-12
1518,2010-04-13
1540,2010-04-14
1483,2010-04-15
1519,2010-04-16
1333,2010-04-17
1156,2010-04-18
1451,2010-04-19
1645,2010-04-20
1657,2010-04-21
1592,2010-04-22
1585,2010-04-23
1389,2010-04-24
1099,2010-04-25
1230,2010-04-26
1582,2010-04-27
1550,2010-04-28
1548,2010-04-29
1602,2010-04-30
1319,2010-05-01
1282,2010-05-02
1371,2010-05-03
1592,2010-05-04
1626,2010-05-05
1634,2010-05-06
1613,2010-05-07
1352,2010-05-08
1108,2010-05-09
1408,2010-05-10
1466,2010-05-11
1490,2010-05-12
1548,2010-05-13
1591,2010-05-14
1340,2010-05-15
1198,2010-05-16
1453,2010-05-17
1365,2010-05-18
1498,2010-05-19
1623,2010-05-20
1636,2010-05-21
1412,2010-05-22
1273,2010-05-23
1510,2010-05-24
1645,2010-05-25
1555,2010-05-26
1510,2010-05-27
1543,2010-05-28
1376,2010-05-29
1199,2010-05-30
1184,2010-05-31
1573,2010-06-01
1646,2010-06-02
1598,2010-06-03
1620,2010-06-04
1417,2010-06-05
1237,2010-06-06
1467,2010-06-07
1610,2010-06-08
1384,2010-06-09
1576,2010-06-10
1559,2010-06-11
1316,2010-06-12
1226,2010-06-13
1454,2010-06-14
1515,2010-06-15
1566,2010-06-16
1590,2010-06-17
1576,2010-06-18
1428,2010-06-19
1170,2010-06-20
1507,2010-06-21
1551,2010-06-22
1571,2010-06-23
1519,2010-06-24
1562,2010-06-25
1454,2010-06-26
1219,2010-06-27
1540,2010-06-28
1577,2010-06-29
1598,2010-06-30
1538,2010-07-01
1422,2010-07-02
1265,2010-07-03
1147,2010-07-04
1285,2010-07-05
1499,2010-07-06
1518,2010-07-07
1543,2010-07-08
1528,2010-07-09
1402,2010-07-10
1187,2010-07-11
1463,2010-07-12
1431,2010-07-13
1499,2010-07-14
1574,2010-07-15
1544,2010-07-16
1388,2010-07-17
1275,2010-07-18
1458,2010-07-19
1617,2010-07-20
1543,2010-07-21
1621,2010-07-22
1462,2010-07-23
1360,2010-07-24
1242,2010-07-25
1444,2010-07-26
1524,2010-07-27
1515,2010-07-28
1630,2010-07-29
1560,2010-07-30
1321,2010-07-31
1310,2010-08-01
1448,2010-08-02
1445,2010-08-03
1453,2010-08-04
1517,2010-08-05
1571,2010-08-06
1370,2010-08-07
1322,2010-08-08
1461,2010-08-09
1551,2010-08-10
1645,2010-08-11
1504,2010-08-12
1499,2010-08-13
1428,2010-08-14
1302,2010-08-15
1420,2010-08-16
1522,2010-08-17
1548,2010-08-18
1538,2010-08-19
1492,2010-08-20
1326,2010-08-21
1194,2010-08-22
1251,2010-08-23
1448,2010-08-24
1455,2010-08-25
1483,2010-08-26
1540,2010-08-27
1308,2010-08-28
1344,2010-08-29
1444,2010-08-30
1482,2010-08-31
1542,2010-09-01
1531,2010-09-02
1547,2010-09-03
1443,2010-09-04
1331,2010-09-05
1243,2010-09-06
1527,2010-09-07
1627,2010-09-08
1612,2010-09-09
1483,2010-09-10
1395,2010-09-11
1216,2010-09-12
1329,2010-09-13
1435,2010-09-14
1578,2010-09-15
1425,2010-09-16
1501,2010-09-17
1438,2010-09-18
1329,2010-09-19
1429,2010-09-20
1511,2010-09-21
1517,2010-09-22
1626,2010-09-23
1656,2010-09-24
1407,2010-09-25
1344,2010-09-26
1436,2010-09-27
1593,2010-09-28
1640,2010-09-29
1555,2010-09-30
1407,2010-10-01
1508,2010-10-02
1246,2010-10-03
1298,2010-10-04
1524,2010-10-05
1677,2010-10-06
1599,2010-10-07
1486,2010-10-08
1464,2010-10-09
1233,2010-10-10
1311,2010-10-11
1611,2010-10-12
1611,2010-10-13
1572,2010-10-14
1515,2010-10-15
1388,2010-10-16
1307,2010-10-17
1421,2010-10-18
1560,2010-10-19
1639,2010-10-20
1609,2010-10-21
1553,2010-10-22
1427,2010-10-23
1278,2010-10-24
1477,2010-10-25
1652,2010-10-26
1579,2010-10-27
1635,2010-10-28
1647,2010-10-29
1252,2010-10-30
1191,2010-10-31
1413,2010-11-01
1261,2010-11-02
1558,2010-11-03
1356,2010-11-04
1530,2010-11-05
1373,2010-11-06
1180,2010-11-07
1313,2010-11-08
1460,2010-11-09
1591,2010-11-10
1423,2010-11-11
1546,2010-11-12
1457,2010-11-13
1168,2010-11-14
1443,2010-11-15
1442,2010-11-16
1543,2010-11-17
1640,2010-11-18
1517,2010-11-19
1424,2010-11-20
1174,2010-11-21
1392,2010-11-22
1519,2010-11-23
1433,2010-11-24
796,2010-11-25
1361,2010-11-26
1292,2010-11-27
1214,2010-11-28
1402,2010-11-29
1433,2010-11-30
1316,2010-12-01
1482,2010-12-02
1394,2010-12-03
1298,2010-12-04
1059,2010-12-05
1276,2010-12-06
1388,2010-12-07
1415,2010-12-08
1294,2010-12-09
1352,2010-12-10
1324,2010-12-11
998,2010-12-12
1316,2010-12-13
1298,2010-12-14
1243,2010-12-15
1293,2010-12-16
1418,2010-12-17
1307,2010-12-18
1157,2010-12-19
1245,2010-12-20
1356,2010-12-21
1414,2010-12-22
1291,2010-12-23
981,2010-12-24
677,2010-12-25
568,2010-12-26
334,2010-12-27
826,2010-12-28
1080,2010-12-29
1123,2010-12-30
1012,2010-12-31
1376,2011-01-01
985,2011-01-02
1213,2011-01-03
1494,2011-01-04
1460,2011-01-05
1489,2011-01-06
1297,2011-01-07
1081,2011-01-08
1048,2011-01-09
1261,2011-01-10
1373,2011-01-11
1043,2011-01-12
1261,2011-01-13
1324,2011-01-14
1295,2011-01-15
1114,2011-01-16
1108,2011-01-17
1234,2011-01-18
1523,2011-01-19
1446,2011-01-20
1418,2011-01-21
1181,2011-01-22
1027,2011-01-23
1096,2011-01-24
1362,2011-01-25
1160,2011-01-26
864,2011-01-27
1206,2011-01-28
1220,2011-01-29
1021,2011-01-30
1166,2011-01-31
1219,2011-02-01
1173,2011-02-02
1358,2011-02-03
1327,2011-02-04
1262,2011-02-05
978,2011-02-06
1344,2011-02-07
1374,2011-02-08
1336,2011-02-09
1466,2011-02-10
1461,2011-02-11
1353,2011-02-12
1140,2011-02-13
1205,2011-02-14
1438,2011-02-15
1537,2011-02-16
1568,2011-02-17
1532,2011-02-18
1304,2011-02-19
1048,2011-02-20
1088,2011-02-21
1333,2011-02-22
1316,2011-02-23
1326,2011-02-24
1275,2011-02-25
1284,2011-02-26
1187,2011-02-27
1279,2011-02-28
1415,2011-03-01
1514,2011-03-02
1308,2011-03-03
1441,2011-03-04
1367,2011-03-05
1005,2011-03-06
1252,2011-03-07
1485,2011-03-08
1481,2011-03-09
1310,2011-03-10
1366,2011-03-11
1418,2011-03-12
1171,2011-03-13
1378,2011-03-14
1523,2011-03-15
1436,2011-03-16
1453,2011-03-17
1494,2011-03-18
1332,2011-03-19
1174,2011-03-20
1262,2011-03-21
1536,2011-03-22
1310,2011-03-23
1478,2011-03-24
1483,2011-03-25
1190,2011-03-26
1110,2011-03-27
1327,2011-03-28
1316,2011-03-29
1454,2011-03-30
1386,2011-03-31
1305,2011-04-01
1395,2011-04-02
1192,2011-04-03
1349,2011-04-04
1457,2011-04-05
1494,2011-04-06
1568,2011-04-07
1490,2011-04-08
1365,2011-04-09
1200,2011-04-10
1435,2011-04-11
1381,2011-04-12
1433,2011-04-13
1609,2011-04-14
1483,2011-04-15
1132,2011-04-16
1118,2011-04-17
1361,2011-04-18
1339,2011-04-19
1474,2011-04-20
1448,2011-04-21
1339,2011-04-22
1246,2011-04-23
1050,2011-04-24
1279,2011-04-25
1478,2011-04-26
1475,2011-04-27
1427,2011-04-28
1540,2011-04-29
1272,2011-04-30
1133,2011-05-01
1361,2011-05-02
1511,2011-05-03
1391,2011-05-04
1490,2011-05-05
1515,2011-05-06
1234,2011-05-07
1036,2011-05-08
1467,2011-05-09
1641,2011-05-10
1602,2011-05-11
1648,2011-05-12
1589,2011-05-13
1307,2011-05-14
1138,2011-05-15
1377,2011-05-16
1370,2011-05-17
1477,2011-05-18
1532,2011-05-19
1559,2011-05-20
1366,2011-05-21
1173,2011-05-22
1476,2011-05-23
1636,2011-05-24
1591,2011-05-25
1510,2011-05-26
1522,2011-05-27
1341,2011-05-28
1121,2011-05-29
1124,2011-05-30
1557,2011-05-31
1614,2011-06-01
1512,2011-06-02
1535,2011-06-03
1433,2011-06-04
1167,2011-06-05
1399,2011-06-06
1621,2011-06-07
1562,2011-06-08
1344,2011-06-09
1477,2011-06-10
1287,2011-06-11
1201,2011-06-12
1469,2011-06-13
1483,2011-06-14
1649,2011-06-15
1587,2011-06-16
1445,2011-06-17
1354,2011-06-18
1286,2011-06-19
1444,2011-06-20
1588,2011-06-21
1552,2011-06-22
1528,2011-06-23
1454,2011-06-24
1442,2011-06-25
1286,2011-06-26
1474,2011-06-27
1637,2011-06-28
1525,2011-06-29
1554,2011-06-30
1456,2011-07-01
1236,2011-07-02
1171,2011-07-03
1145,2011-07-04
1742,2011-07-05
1509,2011-07-06
1501,2011-07-07
1473,2011-07-08
1319,2011-07-09
1304,2011-07-10
1420,2011-07-11
1634,2011-07-12
1569,2011-07-13
1633,2011-07-14
1561,2011-07-15
1391,2011-07-16
1318,2011-07-17
1389,2011-07-18
1545,2011-07-19
1558,2011-07-20
1525,2011-07-21
1404,2011-07-22
1340,2011-07-23
1274,2011-07-24
1456,2011-07-25
1551,2011-07-26
1608,2011-07-27
1551,2011-07-28
1415,2011-07-29
1339,2011-07-30
1257,2011-07-31
1458,2011-08-01
1493,2011-08-02
1470,2011-08-03
1475,2011-08-04
1473,2011-08-05
1300,2011-08-06
1234,2011-08-07
1380,2011-08-08
1413,2011-08-09
1553,2011-08-10
1616,2011-08-11
1469,2011-08-12
1393,2011-08-13
949,2011-08-14
1452,2011-08-15
1548,2011-08-16
1599,2011-08-17
1426,2011-08-18
1388,2011-08-19
1360,2011-08-20
1287,2011-08-21
1453,2011-08-22
1596,2011-08-23
1564,2011-08-24
1513,2011-08-25
1351,2011-08-26
906,2011-08-27
664,2011-08-28
1326,2011-08-29
1533,2011-08-30
1475,2011-08-31
1493,2011-09-01
1412,2011-09-02
1363,2011-09-03
1234,2011-09-04
1220,2011-09-05
1250,2011-09-06
1249,2011-09-07
1360,2011-09-08
1375,2011-09-09
1301,2011-09-10
1141,2011-09-11
1340,2011-09-12
1423,2011-09-13
1538,2011-09-14
1381,2011-09-15
1414,2011-09-16
1249,2011-09-17
1160,2011-09-18
1305,2011-09-19
1467,2011-09-20
1571,2011-09-21
1546,2011-09-22
1363,2011-09-23
1306,2011-09-24
1294,2011-09-25
1558,2011-09-26
1546,2011-09-27
1520,2011-09-28
1384,2011-09-29
1407,2011-09-30
1252,2011-10-01
1138,2011-10-02
1292,2011-10-03
1401,2011-10-04
1507,2011-10-05
1445,2011-10-06
1445,2011-10-07
1319,2011-10-08
1209,2011-10-09
1290,2011-10-10
1547,2011-10-11
1443,2011-10-12
1421,2011-10-13
1374,2011-10-14
1146,2011-10-15
1191,2011-10-16
1356,2011-10-17
1518,2011-10-18
1409,2011-10-19
1561,2011-10-20
1537,2011-10-21
1366,2011-10-22
1247,2011-10-23
1357,2011-10-24
1468,2011-10-25
1516,2011-10-26
1303,2011-10-27
1350,2011-10-28
1110,2011-10-29
991,2011-10-30
1321,2011-10-31
1540,2011-11-01
1468,2011-11-02
1506,2011-11-03
1454,2011-11-04
1374,2011-11-05
1120,2011-11-06
1472,2011-11-07
1420,2011-11-08
1583,2011-11-09
1540,2011-11-10
1344,2011-11-11
1304,2011-11-12
1207,2011-11-13
1380,2011-11-14
1473,2011-11-15
1351,2011-11-16
1437,2011-11-17
1454,2011-11-18
1367,2011-11-19
1176,2011-11-20
1442,2011-11-21
1412,2011-11-22
1371,2011-11-23
751,2011-11-24
1420,2011-11-25
1277,2011-11-26
1285,2011-11-27
1445,2011-11-28
1503,2011-11-29
1481,2011-11-30
1523,2011-12-01
1459,2011-12-02
1231,2011-12-03
1134,2011-12-04
1400,2011-12-05
1372,2011-12-06
1354,2011-12-07
1360,2011-12-08
1494,2011-12-09
1339,2011-12-10
1055,2011-12-11
1337,2011-12-12
1413,2011-12-13
1433,2011-12-14
1571,2011-12-15
1480,2011-12-16
1270,2011-12-17
1014,2011-12-18
1191,2011-12-19
1474,2011-12-20
1464,2011-12-21
1486,2011-12-22
1332,2011-12-23
981,2011-12-24
674,2011-12-25
1019,2011-12-26
1292,2011-12-27
1371,2011-12-28
1329,2011-12-29
1392,2011-12-30
1117,2011-12-31
1312,2012-01-01
1085,2012-01-02
1318,2012-01-03
1275,2012-01-04
1424,2012-01-05
1457,2012-01-06
1374,2012-01-07
1124,2012-01-08
1335,2012-01-09
1556,2012-01-10
1467,2012-01-11
1383,2012-01-12
1452,2012-01-13
1215,2012-01-14
957,2012-01-15
1072,2012-01-16
1438,2012-01-17
1416,2012-01-18
1347,2012-01-19
1462,2012-01-20
1107,2012-01-21
1010,2012-01-22
1425,2012-01-23
1607,2012-01-24
1505,2012-01-25
1484,2012-01-26
1492,2012-01-27
1441,2012-01-28
1159,2012-01-29
1306,2012-01-30
1541,2012-01-31
1593,2012-02-01
1535,2012-02-02
1422,2012-02-03
1387,2012-02-04
1034,2012-02-05
1345,2012-02-06
1458,2012-02-07
1468,2012-02-08
1461,2012-02-09
1526,2012-02-10
1305,2012-02-11
1048,2012-02-12
1351,2012-02-13
1272,2012-02-14
1493,2012-02-15
1476,2012-02-16
1525,2012-02-17
1337,2012-02-18
1112,2012-02-19
1147,2012-02-20
1298,2012-02-21
1446,2012-02-22
1346,2012-02-23
1261,2012-02-24
1253,2012-02-25
1131,2012-02-26
1355,2012-02-27
1466,2012-02-28
1365,2012-02-29
1371,2012-03-01
1440,2012-03-02
1277,2012-03-03
1229,2012-03-04
1338,2012-03-05
1487,2012-03-06
1490,2012-03-07
1556,2012-03-08
1474,2012-03-09
1213,2012-03-10
1097,2012-03-11
1422,2012-03-12
1549,2012-03-13
1561,2012-03-14
1458,2012-03-15
1413,2012-03-16
1323,2012-03-17
1328,2012-03-18
1421,2012-03-19
1540,2012-03-20
1582,2012-03-21
1554,2012-03-22
1531,2012-03-23
1354,2012-03-24
1161,2012-03-25
1366,2012-03-26
1348,2012-03-27
1529,2012-03-28
1451,2012-03-29
1417,2012-03-30
1225,2012-03-31
1092,2012-04-01
1452,2012-04-02
1532,2012-04-03
1580,2012-04-04
1439,2012-04-05
1371,2012-04-06
1305,2012-04-07
1003,2012-04-08
1295,2012-04-09
1370,2012-04-10
1378,2012-04-11
1339,2012-04-12
1434,2012-04-13
1202,2012-04-14
1254,2012-04-15
1454,2012-04-16
1590,2012-04-17
1553,2012-04-18
1537,2012-04-19
1565,2012-04-20
1400,2012-04-21
1104,2012-04-22
1404,2012-04-23
1408,2012-04-24
1631,2012-04-25
1359,2012-04-26
1545,2012-04-27
1307,2012-04-28
1270,2012-04-29
1519,2012-04-30
1421,2012-05-01
1554,2012-05-02
1527,2012-05-03
1533,2012-05-04
1345,2012-05-05
1252,2012-05-06
1355,2012-05-07
1627,2012-05-08
1567,2012-05-09
1576,2012-05-10
1507,2012-05-11
1395,2012-05-12
1156,2012-05-13
1370,2012-05-14
1362,2012-05-15
1612,2012-05-16
1657,2012-05-17
1584,2012-05-18
1342,2012-05-19
1320,2012-05-20
1307,2012-05-21
1610,2012-05-22
1636,2012-05-23
1440,2012-05-24
1493,2012-05-25
1394,2012-05-26
1123,2012-05-27
1090,2012-05-28
1635,2012-05-29
1615,2012-05-30
1516,2012-05-31
1531,2012-06-01
1326,2012-06-02
1298,2012-06-03
1312,2012-06-04
1558,2012-06-05
1552,2012-06-06
1486,2012-06-07
1510,2012-06-08
1369,2012-06-09
1271,2012-06-10
1465,2012-06-11
1465,2012-06-12
1524,2012-06-13
1496,2012-06-14
1558,2012-06-15
1342,2012-06-16
1160,2012-06-17
1485,2012-06-18
1565,2012-06-19
1498,2012-06-20
1459,2012-06-21
1440,2012-06-22
1352,2012-06-23
1350,2012-06-24
1385,2012-06-25
1426,2012-06-26
1680,2012-06-27
1480,2012-06-28
1505,2012-06-29
1324,2012-06-30
1283,2012-07-01
1437,2012-07-02
1545,2012-07-03
1290,2012-07-04
1691,2012-07-05
1457,2012-07-06
1314,2012-07-07
1245,2012-07-08
1477,2012-07-09
1586,2012-07-10
1559,2012-07-11
1613,2012-07-12
1536,2012-07-13
1496,2012-07-14
1323,2012-07-15
1425,2012-07-16
1503,2012-07-17
1543,2012-07-18
1557,2012-07-19
1408,2012-07-20
1350,2012-07-21
1345,2012-07-22
1406,2012-07-23
1541,2012-07-24
1650,2012-07-25
1456,2012-07-26
1494,2012-07-27
1425,2012-07-28
1260,2012-07-29
1517,2012-07-30
1538,2012-07-31
1420,2012-08-01
1548,2012-08-02
1560,2012-08-03
1383,2012-08-04
1309,2012-08-05
1457,2012-08-06
1548,2012-08-07
1659,2012-08-08
1607,2012-08-09
1485,2012-08-10
1476,2012-08-11
1428,2012-08-12
1486,2012-08-13
1550,2012-08-14
1403,2012-08-15
1557,2012-08-16
1626,2012-08-17
1326,2012-08-18
1286,2012-08-19
1489,2012-08-20
1573,2012-08-21
1523,2012-08-22
1583,2012-08-23
1575,2012-08-24
1394,2012-08-25
1323,2012-08-26
1359,2012-08-27
1469,2012-08-28
1542,2012-08-29
1524,2012-08-30
1437,2012-08-31
1348,2012-09-01
1236,2012-09-02
1325,2012-09-03
1481,2012-09-04
1462,2012-09-05
1415,2012-09-06
1485,2012-09-07
1388,2012-09-08
1248,2012-09-09
1395,2012-09-10
1456,2012-09-11
1568,2012-09-12
1463,2012-09-13
1567,2012-09-14
1410,2012-09-15
1188,2012-09-16
1434,2012-09-17
1326,2012-09-18
1518,2012-09-19
1513,2012-09-20
1540,2012-09-21
1475,2012-09-22
1305,2012-09-23
1377,2012-09-24
1555,2012-09-25
1521,2012-09-26
1469,2012-09-27
1468,2012-09-28
1425,2012-09-29
1217,2012-09-30
1327,2012-10-01
1418,2012-10-02
1552,2012-10-03
1598,2012-10-04
1601,2012-10-05
1530,2012-10-06
1183,2012-10-07
1224,2012-10-08
1488,2012-10-09
1509,2012-10-10
1490,2012-10-11
1503,2012-10-12
1278,2012-10-13
1214,2012-10-14
1372,2012-10-15
1482,2012-10-16
1532,2012-10-17
1541,2012-10-18
1523,2012-10-19
1483,2012-10-20
1206,2012-10-21
1408,2012-10-22
1488,2012-10-23
1463,2012-10-24
1476,2012-10-25
1441,2012-10-26
1304,2012-10-27
1128,2012-10-28
422,2012-10-29
670,2012-10-30
1027,2012-10-31
994,2012-11-01
963,2012-11-02
916,2012-11-03
1029,2012-11-04
1081,2012-11-05
970,2012-11-06
845,2012-11-07
1047,2012-11-08
1304,2012-11-09
1258,2012-11-10
1066,2012-11-11
1221,2012-11-12
1271,2012-11-13
1392,2012-11-14
1388,2012-11-15
1370,2012-11-16
1182,2012-11-17
1142,2012-11-18
1316,2012-11-19
1367,2012-11-20
1338,2012-11-21
754,2012-11-22
1197,2012-11-23
1205,2012-11-24
997,2012-11-25
1313,2012-11-26
1225,2012-11-27
1438,2012-11-28
1437,2012-11-29
1435,2012-11-30
1243,2012-12-01
1189,2012-12-02
1287,2012-12-03
1405,2012-12-04
1429,2012-12-05
1325,2012-12-06
1308,2012-12-07
1253,2012-12-08
1203,2012-12-09
1405,2012-12-10
1501,2012-12-11
1411,2012-12-12
1334,2012-12-13
1404,2012-12-14
1302,2012-12-15
1114,2012-12-16
1304,2012-12-17
1361,2012-12-18
1416,2012-12-19
1399,2012-12-20
1310,2012-12-21
1184,2012-12-22
1181,2012-12-23
973,2012-12-24
718,2012-12-25
1059,2012-12-26
1200,2012-12-27
1313,2012-12-28
1222,2012-12-29
1031,2012-12-30
1099,2012-12-31
1395,2013-01-01
1298,2013-01-02
1366,2013-01-03
1417,2013-01-04
1267,2013-01-05
1142,2013-01-06
1287,2013-01-07
1424,2013-01-08
1469,2013-01-09
1502,2013-01-10
1383,2013-01-11
1304,2013-01-12
1216,2013-01-13
1365,2013-01-14
1379,2013-01-15
1295,2013-01-16
1478,2013-01-17
1360,2013-01-18
1262,2013-01-19
1115,2013-01-20
1115,2013-01-21
1222,2013-01-22
1172,2013-01-23
1207,2013-01-24
1259,2013-01-25
1215,2013-01-26
1068,2013-01-27
1172,2013-01-28
1358,2013-01-29
1393,2013-01-30
1429,2013-01-31
1439,2013-02-01
1271,2013-02-02
975,2013-02-03
1192,2013-02-04
1342,2013-02-05
1428,2013-02-06
1313,2013-02-07
1040,2013-02-08
878,2013-02-09
969,2013-02-10
1136,2013-02-11
1493,2013-02-12
1432,2013-02-13
1344,2013-02-14
1474,2013-02-15
1305,2013-02-16
1070,2013-02-17
1100,2013-02-18
1227,2013-02-19
1340,2013-02-20
1403,2013-02-21
1383,2013-02-22
1250,2013-02-23
1181,2013-02-24
1261,2013-02-25
1350,2013-02-26
1341,2013-02-27
1409,2013-02-28
1343,2013-03-01
1252,2013-03-02
1085,2013-03-03
1175,2013-03-04
1357,2013-03-05
1277,2013-03-06
1236,2013-03-07
1197,2013-03-08
1309,2013-03-09
1091,2013-03-10
1271,2013-03-11
1301,2013-03-12
1505,2013-03-13
1390,2013-03-14
1346,2013-03-15
1246,2013-03-16
1174,2013-03-17
1262,2013-03-18
1237,2013-03-19
1391,2013-03-20
1306,2013-03-21
1326,2013-03-22
1223,2013-03-23
1121,2013-03-24
1166,2013-03-25
1379,2013-03-26
1353,2013-03-27
1366,2013-03-28
1297,2013-03-29
1221,2013-03-30
964,2013-03-31
1161,2013-04-01
1228,2013-04-02
1378,2013-04-03
1322,2013-04-04
1373,2013-04-05
1237,2013-04-06
1102,2013-04-07
1281,2013-04-08
1507,2013-04-09
1495,2013-04-10
1476,2013-04-11
1339,2013-04-12
1278,2013-04-13
1176,2013-04-14
1322,2013-04-15
1421,2013-04-16
1471,2013-04-17
1454,2013-04-18
1425,2013-04-19
1294,2013-04-20
1195,2013-04-21
1344,2013-04-22
1351,2013-04-23
1555,2013-04-24
1488,2013-04-25
1394,2013-04-26
1363,2013-04-27
1187,2013-04-28
1339,2013-04-29
1458,2013-04-30
1497,2013-05-01
1458,2013-05-02
1421,2013-05-03
1255,2013-05-04
1190,2013-05-05
1325,2013-05-06
1579,2013-05-07
1370,2013-05-08
1417,2013-05-09
1530,2013-05-10
1357,2013-05-11
1180,2013-05-12
1377,2013-05-13
1421,2013-05-14
1546,2013-05-15
1532,2013-05-16
1491,2013-05-17
1254,2013-05-18
1095,2013-05-19
1385,2013-05-20
1554,2013-05-21
1586,2013-05-22
1441,2013-05-23
1433,2013-05-24
1250,2013-05-25
1132,2013-05-26
1189,2013-05-27
1448,2013-05-28
1320,2013-05-29
1415,2013-05-30
1334,2013-05-31
1242,2013-06-01
1230,2013-06-02
1368,2013-06-03
1554,2013-06-04
1561,2013-06-05
1390,2013-06-06
1239,2013-06-07
1197,2013-06-08
1305,2013-06-09
1219,2013-06-10
1409,2013-06-11
1564,2013-06-12
1404,2013-06-13
1397,2013-06-14
1430,2013-06-15
1197,2013-06-16
1498,2013-06-17
1418,2013-06-18
1473,2013-06-19
1435,2013-06-20
1490,2013-06-21
1405,2013-06-22
1247,2013-06-23
1409,2013-06-24
1482,2013-06-25
1560,2013-06-26
1513,2013-06-27
1472,2013-06-28
1379,2013-06-29
1310,2013-06-30
1346,2013-07-01
1506,2013-07-02
1464,2013-07-03
1200,2013-07-04
1535,2013-07-05
1304,2013-07-06
1323,2013-07-07
1410,2013-07-08
1612,2013-07-09
1522,2013-07-10
1558,2013-07-11
1452,2013-07-12
1256,2013-07-13
1298,2013-07-14
1400,2013-07-15
1477,2013-07-16
1510,2013-07-17
1484,2013-07-18
1447,2013-07-19
1407,2013-07-20
1351,2013-07-21
1496,2013-07-22
1472,2013-07-23
1595,2013-07-24
1615,2013-07-25
1456,2013-07-26
1416,2013-07-27
1279,2013-07-28
1418,2013-07-29
1496,2013-07-30
1554,2013-07-31
1306,2013-08-01
1455,2013-08-02
1425,2013-08-03
1297,2013-08-04
1359,2013-08-05
1456,2013-08-06
1477,2013-08-07
1457,2013-08-08
1484,2013-08-09
1351,2013-08-10
1380,2013-08-11
1415,2013-08-12
1490,2013-08-13
1656,2013-08-14
1501,2013-08-15
1541,2013-08-16
1329,2013-08-17
1328,2013-08-18
1429,2013-08-19
1468,2013-08-20
1477,2013-08-21
1415,2013-08-22
1516,2013-08-23
1428,2013-08-24
1296,2013-08-25
1426,2013-08-26
1513,2013-08-27
1465,2013-08-28
1458,2013-08-29
1480,2013-08-30
1386,2013-08-31
1328,2013-09-01
1273,2013-09-02
1580,2013-09-03
1466,2013-09-04
1529,2013-09-05
1388,2013-09-06
1425,2013-09-07
1313,2013-09-08
1354,2013-09-09
1402,2013-09-10
1492,2013-09-11
1472,2013-09-12
1471,2013-09-13
1340,2013-09-14
1324,2013-09-15
1391,2013-09-16
1458,2013-09-17
1501,2013-09-18
1524,2013-09-19
1589,2013-09-20
1415,2013-09-21
1294,2013-09-22
1429,2013-09-23
1518,2013-09-24
1575,2013-09-25
1512,2013-09-26
1518,2013-09-27
1435,2013-09-28
1335,2013-09-29
1553,2013-09-30
1502,2013-10-01
1596,2013-10-02
1610,2013-10-03
1597,2013-10-04
1455,2013-10-05
1335,2013-10-06
1423,2013-10-07
1510,2013-10-08
1540,2013-10-09
1496,2013-10-10
1546,2013-10-11
1467,2013-10-12
1252,2013-10-13
1280,2013-10-14
1513,2013-10-15
1409,2013-10-16
1577,2013-10-17
1429,2013-10-18
1304,2013-10-19
1241,2013-10-20
1445,2013-10-21
1462,2013-10-22
1455,2013-10-23
1401,2013-10-24
1428,2013-10-25
1315,2013-10-26
1246,2013-10-27
1363,2013-10-28
1461,2013-10-29
1559,2013-10-30
1513,2013-10-31
1579,2013-11-01
1406,2013-11-02
1199,2013-11-03
1339,2013-11-04
1313,2013-11-05
1458,2013-11-06
1441,2013-11-07
1434,2013-11-08
1415,2013-11-09
1241,2013-11-10
1201,2013-11-11
1295,2013-11-12
1455,2013-11-13
1518,2013-11-14
1515,2013-11-15
1442,2013-11-16
1282,2013-11-17
1506,2013-11-18
1384,2013-11-19
1407,2013-11-20
1451,2013-11-21
1477,2013-11-22
1414,2013-11-23
1058,2013-11-24
1337,2013-11-25
1317,2013-11-26
1229,2013-11-27
781,2013-11-28
1310,2013-11-29
1176,2013-11-30
1192,2013-12-01
1387,2013-12-02
1458,2013-12-03
1430,2013-12-04
1510,2013-12-05
1468,2013-12-06
1316,2013-12-07
1139,2013-12-08
1324,2013-12-09
1377,2013-12-10
1360,2013-12-11
1290,2013-12-12
1336,2013-12-13
1103,2013-12-14
1013,2013-12-15
1310,2013-12-16
1219,2013-12-17
1345,2013-12-18
1392,2013-12-19
1428,2013-12-20
1375,2013-12-21
1304,2013-12-22
1279,2013-12-23
1129,2013-12-24
805,2013-12-25
1228,2013-12-26
1347,2013-12-27
1294,2013-12-28
1125,2013-12-29
1307,2013-12-30
1078,2013-12-31
1500,2014-01-01
1206,2014-01-02
836,2014-01-03
1021,2014-01-04
955,2014-01-05
1259,2014-01-06
1091,2014-01-07
1295,2014-01-08
1397,2014-01-09
1378,2014-01-10
1251,2014-01-11
1257,2014-01-12
1422,2014-01-13
1436,2014-01-14
1487,2014-01-15
1491,2014-01-16
1487,2014-01-17
1380,2014-01-18
1181,2014-01-19
1298,2014-01-20
929,2014-01-21
1066,2014-01-22
1163,2014-01-23
1273,2014-01-24
1204,2014-01-25
1087,2014-01-26
1248,2014-01-27
1325,2014-01-28
1278,2014-01-29
1296,2014-01-30
1367,2014-01-31
1332,2014-02-01
1237,2014-02-02
1105,2014-02-03
1300,2014-02-04
1105,2014-02-05
1258,2014-02-06
1389,2014-02-07
1230,2014-02-08
1112,2014-02-09
1219,2014-02-10
1262,2014-02-11
1356,2014-02-12
897,2014-02-13
1057,2014-02-14
1157,2014-02-15
1010,2014-02-16
1059,2014-02-17
1271,2014-02-18
1226,2014-02-19
1377,2014-02-20
1364,2014-02-21
1421,2014-02-22
1240,2014-02-23
1252,2014-02-24
1385,2014-02-25
1248,2014-02-26
1258,2014-02-27
1274,2014-02-28
1292,2014-03-01
1110,2014-03-02
1186,2014-03-03
1276,2014-03-04
1393,2014-03-05
1365,2014-03-06
1389,2014-03-07
1413,2014-03-08
1107,2014-03-09
1332,2014-03-10
1399,2014-03-11
1399,2014-03-12
1332,2014-03-13
1378,2014-03-14
1504,2014-03-15
1225,2014-03-16
1255,2014-03-17
1400,2014-03-18
1362,2014-03-19
1487,2014-03-20
1440,2014-03-21
1423,2014-03-22
1149,2014-03-23
1288,2014-03-24
1356,2014-03-25
1387,2014-03-26
1343,2014-03-27
1435,2014-03-28
1153,2014-03-29
1034,2014-03-30
1259,2014-03-31
1434,2014-04-01
1440,2014-04-02
1407,2014-04-03
1415,2014-04-04
1342,2014-04-05
1131,2014-04-06
1166,2014-04-07
1455,2014-04-08
1448,2014-04-09
1382,2014-04-10
1468,2014-04-11
1337,2014-04-12
1229,2014-04-13
1237,2014-04-14
1247,2014-04-15
1406,2014-04-16
1322,2014-04-17
1383,2014-04-18
1265,2014-04-19
1007,2014-04-20
1273,2014-04-21
1429,2014-04-22
1525,2014-04-23
1414,2014-04-24
1438,2014-04-25
1372,2014-04-26
1252,2014-04-27
1304,2014-04-28
1363,2014-04-29
1097,2014-04-30
1418,2014-05-01
1526,2014-05-02
1346,2014-05-03
1226,2014-05-04
1395,2014-05-05
1568,2014-05-06
1536,2014-05-07
1426,2014-05-08
1476,2014-05-09
1374,2014-05-10
1178,2014-05-11
1439,2014-05-12
1552,2014-05-13
1533,2014-05-14
1482,2014-05-15
1437,2014-05-16
1367,2014-05-17
1372,2014-05-18
1394,2014-05-19
1474,2014-05-20
1602,2014-05-21
1490,2014-05-22
1431,2014-05-23
1309,2014-05-24
1176,2014-05-25
1146,2014-05-26
1539,2014-05-27
1548,2014-05-28
1649,2014-05-29
1461,2014-05-30
1357,2014-05-31
1212,2014-06-01
1482,2014-06-02
1495,2014-06-03
1530,2014-06-04
1409,2014-06-05
1529,2014-06-06
1283,2014-06-07
1200,2014-06-08
1360,2014-06-09
1450,2014-06-10
1570,2014-06-11
1602,2014-06-12
1421,2014-06-13
1392,2014-06-14
1228,2014-06-15
1462,2014-06-16
1503,2014-06-17
1569,2014-06-18
1581,2014-06-19
1511,2014-06-20
1411,2014-06-21
1261,2014-06-22
1409,2014-06-23
1470,2014-06-24
1521,2014-06-25
1449,2014-06-26
1474,2014-06-27
1339,2014-06-28
1235,2014-06-29
1391,2014-06-30
1525,2014-07-01
1369,2014-07-02
1483,2014-07-03
1304,2014-07-04
1447,2014-07-05
1311,2014-07-06
1423,2014-07-07
1479,2014-07-08
1560,2014-07-09
1596,2014-07-10
1420,2014-07-11
1399,2014-07-12
1300,2014-07-13
1397,2014-07-14
1331,2014-07-15
1547,2014-07-16
1451,2014-07-17
1442,2014-07-18
1388,2014-07-19
1340,2014-07-20
1439,2014-07-21
1517,2014-07-22
1513,2014-07-23
1526,2014-07-24
1486,2014-07-25
1347,2014-07-26
1427,2014-07-27
1418,2014-07-28
1603,2014-07-29
1572,2014-07-30
1531,2014-07-31
1481,2014-08-01
1358,2014-08-02
1280,2014-08-03
1478,2014-08-04
1476,2014-08-05
1505,2014-08-06
1477,2014-08-07
1518,2014-08-08
1340,2014-08-09
1374,2014-08-10
1490,2014-08-11
1514,2014-08-12
1398,2014-08-13
1617,2014-08-14
1441,2014-08-15
1456,2014-08-16
1373,2014-08-17
1434,2014-08-18
1507,2014-08-19
1642,2014-08-20
1513,2014-08-21
1312,2014-08-22
1361,2014-08-23
1386,2014-08-24
1370,2014-08-25
1477,2014-08-26
1490,2014-08-27
1526,2014-08-28
1478,2014-08-29
1349,2014-08-30
1187,2014-08-31
1291,2014-09-01
1557,2014-09-02
1611,2014-09-03
1520,2014-09-04
1525,2014-09-05
1406,2014-09-06
1330,2014-09-07
1388,2014-09-08
1429,2014-09-09
1509,2014-09-10
1527,2014-09-11
1470,2014-09-12
1282,2014-09-13
1236,2014-09-14
1491,2014-09-15
1464,2014-09-16
1560,2014-09-17
1556,2014-09-18
1529,2014-09-19
1508,2014-09-20
1291,2014-09-21
1463,2014-09-22
1490,2014-09-23
1464,2014-09-24
1308,2014-09-25
1388,2014-09-26
1413,2014-09-27
1315,2014-09-28
1494,2014-09-29
1484,2014-09-30
1442,2014-10-01
1516,2014-10-02
1390,2014-10-03
1278,2014-10-04
1272,2014-10-05
1452,2014-10-06
1509,2014-10-07
1506,2014-10-08
1497,2014-10-09
1375,2014-10-10
1230,2014-10-11
1262,2014-10-12
1241,2014-10-13
1583,2014-10-14
1587,2014-10-15
1517,2014-10-16
1614,2014-10-17
1575,2014-10-18
1274,2014-10-19
1454,2014-10-20
1498,2014-10-21
1337,2014-10-22
1284,2014-10-23
1511,2014-10-24
1479,2014-10-25
1340,2014-10-26
1398,2014-10-27
1572,2014-10-28
1464,2014-10-29
1412,2014-10-30
1384,2014-10-31
1207,2014-11-01
1101,2014-11-02
1296,2014-11-03
1427,2014-11-04
1489,2014-11-05
1349,2014-11-06
1409,2014-11-07
1324,2014-11-08
1240,2014-11-09
1438,2014-11-10
1368,2014-11-11
1462,2014-11-12
1268,2014-11-13
1283,2014-11-14
1206,2014-11-15
1186,2014-11-16
1151,2014-11-17
1254,2014-11-18
1247,2014-11-19
1360,2014-11-20
1297,2014-11-21
1286,2014-11-22
1202,2014-11-23
1354,2014-11-24
1351,2014-11-25
1125,2014-11-26
662,2014-11-27
1166,2014-11-28
1145,2014-11-29
1134,2014-11-30
1349,2014-12-01
1263,2014-12-02
1240,2014-12-03
1201,2014-12-04
1192,2014-12-05
1075,2014-12-06
1071,2014-12-07
1163,2014-12-08
1069,2014-12-09
1251,2014-12-10
1299,2014-12-11
1276,2014-12-12
1205,2014-12-13
1200,2014-12-14
1233,2014-12-15
1315,2014-12-16
1375,2014-12-17
1313,2014-12-18
1266,2014-12-19
1146,2014-12-20
911,2014-12-21
1066,2014-12-22
1140,2014-12-23
850,2014-12-24
700,2014-12-25
977,2014-12-26
925,2014-12-27
939,2014-12-28
1141,2014-12-29
1082,2014-12-30
874,2014-12-31
1039,2015-01-01
1009,2015-01-02
931,2015-01-03
878,2015-01-04
1151,2015-01-05
1059,2015-01-06
1027,2015-01-07
1035,2015-01-08
1074,2015-01-09
988,2015-01-10
1006,2015-01-11
1133,2015-01-12
1343,2015-01-13
1305,2015-01-14
1331,2015-01-15
1281,2015-01-16
1156,2015-01-17
995,2015-01-18
1117,2015-01-19
1346,2015-01-20
1332,2015-01-21
1383,2015-01-22
1333,2015-01-23
1059,2015-01-24
1081,2015-01-25
855,2015-01-26
740,2015-01-27
1152,2015-01-28
1159,2015-01-29
1158,2015-01-30
1062,2015-01-31
990,2015-02-01
893,2015-02-02
992,2015-02-03
1270,2015-02-04
1232,2015-02-05
1198,2015-02-06
1098,2015-02-07
1053,2015-02-08
1084,2015-02-09
1196,2015-02-10
1307,2015-02-11
1295,2015-02-12
1106,2015-02-13
1109,2015-02-14
965,2015-02-15
997,2015-02-16
1117,2015-02-17
1230,2015-02-18
1127,2015-02-19
1102,2015-02-20
1085,2015-02-21
945,2015-02-22
1155,2015-02-23
1092,2015-02-24
1272,2015-02-25
1241,2015-02-26
1252,2015-02-27
1122,2015-02-28
914,2015-03-01
1159,2015-03-02
1144,2015-03-03
1264,2015-03-04
1029,2015-03-05
1179,2015-03-06
1185,2015-03-07
1031,2015-03-08
1333,2015-03-09
1395,2015-03-10
1329,2015-03-11
1403,2015-03-12
1288,2015-03-13
1215,2015-03-14
1130,2015-03-15
1319,2015-03-16
1341,2015-03-17
1459,2015-03-18
1320,2015-03-19
1154,2015-03-20
1184,2015-03-21
1141,2015-03-22
1152,2015-03-23
1284,2015-03-24
1304,2015-03-25
1286,2015-03-26
1265,2015-03-27
1171,2015-03-28
1103,2015-03-29
1270,2015-03-30
1256,2015-03-31
1406,2015-04-01
1437,2015-04-02
1339,2015-04-03
1218,2015-04-04
890,2015-04-05
1231,2015-04-06
1354,2015-04-07
1378,2015-04-08
1282,2015-04-09
1225,2015-04-10
1207,2015-04-11
1110,2015-04-12
1333,2015-04-13
1387,2015-04-14
1582,2015-04-15
1453,2015-04-16
1444,2015-04-17
1355,2015-04-18
1216,2015-04-19
1221,2015-04-20
1482,2015-04-21
1489,2015-04-22
1362,2015-04-23
1358,2015-04-24
1241,2015-04-25
1210,2015-04-26
1347,2015-04-27
1383,2015-04-28
1416,2015-04-29
1474,2015-04-30
1390,2015-05-01
1181,2015-05-02
1151,2015-05-03
1248,2015-05-04
1409,2015-05-05
1461,2015-05-06
1426,2015-05-07
1311,2015-05-08
1266,2015-05-09
1143,2015-05-10
1447,2015-05-11
1463,2015-05-12
1600,2015-05-13
1442,2015-05-14
1532,2015-05-15
1268,2015-05-16
1211,2015-05-17
1493,2015-05-18
1426,2015-05-19
1515,2015-05-20
1438,2015-05-21
1415,2015-05-22
1245,2015-05-23
1191,2015-05-24
1181,2015-05-25
1519,2015-05-26
1498,2015-05-27
1438,2015-05-28
1401,2015-05-29
1400,2015-05-30
1196,2015-05-31
1275,2015-06-01
1305,2015-06-02
1439,2015-06-03
1401,2015-06-04
1448,2015-06-05
1271,2015-06-06
1195,2015-06-07
1419,2015-06-08
1433,2015-06-09
1499,2015-06-10
1485,2015-06-11
1464,2015-06-12
1271,2015-06-13
1262,2015-06-14
1426,2015-06-15
1518,2015-06-16
1501,2015-06-17
1543,2015-06-18
1433,2015-06-19
1289,2015-06-20
1210,2015-06-21
1471,2015-06-22
1512,2015-06-23
1435,2015-06-24
1534,2015-06-25
1465,2015-06-26
1262,2015-06-27
1089,2015-06-28
1382,2015-06-29
1412,2015-06-30
1464,2015-07-01
1372,2015-07-02
1431,2015-07-03
1208,2015-07-04
1315,2015-07-05
1369,2015-07-06
1531,2015-07-07
1484,2015-07-08
1473,2015-07-09
1331,2015-07-10
1282,2015-07-11
1296,2015-07-12
1488,2015-07-13
1392,2015-07-14
1564,2015-07-15
1556,2015-07-16
1403,2015-07-17
1323,2015-07-18
1209,2015-07-19
1443,2015-07-20
1537,2015-07-21
1574,2015-07-22
1696,2015-07-23
1477,2015-07-24
1427,2015-07-25
1364,2015-07-26
1483,2015-07-27
1437,2015-07-28
1577,2015-07-29
1438,2015-07-30
1418,2015-07-31
1341,2015-08-01
1312,2015-08-02
1499,2015-08-03
1475,2015-08-04
1615,2015-08-05
1639,2015-08-06
1508,2015-08-07
1408,2015-08-08
1280,2015-08-09
1446,2015-08-10
1354,2015-08-11
1593,2015-08-12
1560,2015-08-13
1584,2015-08-14
1397,2015-08-15
1341,2015-08-16
1467,2015-08-17
1504,2015-08-18
1561,2015-08-19
1456,2015-08-20
1546,2015-08-21
1423,2015-08-22
1307,2015-08-23
1510,2015-08-24
1485,2015-08-25
1562,2015-08-26
1407,2015-08-27
1522,2015-08-28
1349,2015-08-29
1251,2015-08-30
1378,2015-08-31
1524,2015-09-01
1499,2015-09-02
1444,2015-09-03
1532,2015-09-04
1380,2015-09-05
1242,2015-09-06
1182,2015-09-07
1475,2015-09-08
1489,2015-09-09
1312,2015-09-10
1435,2015-09-11
1364,2015-09-12
1191,2015-09-13
1326,2015-09-14
1432,2015-09-15
1448,2015-09-16
1448,2015-09-17
1599,2015-09-18
1432,2015-09-19
1375,2015-09-20
1437,2015-09-21
1527,2015-09-22
1488,2015-09-23
1330,2015-09-24
1277,2015-09-25
1320,2015-09-26
1188,2015-09-27
1376,2015-09-28
1415,2015-09-29
1445,2015-09-30
1332,2015-10-01
1142,2015-10-02
1124,2015-10-03
1229,2015-10-04
1356,2015-10-05
1487,2015-10-06
1504,2015-10-07
1429,2015-10-08
1406,2015-10-09
1225,2015-10-10
1247,2015-10-11
1299,2015-10-12
1480,2015-10-13
1487,2015-10-14
1530,2015-10-15
1522,2015-10-16
1201,2015-10-17
1098,2015-10-18
1293,2015-10-19
1412,2015-10-20
1493,2015-10-21
1410,2015-10-22
1376,2015-10-23
1216,2015-10-24
1178,2015-10-25
1307,2015-10-26
1338,2015-10-27
1134,2015-10-28
1410,2015-10-29
1306,2015-10-30
1262,2015-10-31
1375,2015-11-01
1429,2015-11-02
1323,2015-11-03
1565,2015-11-04
1451,2015-11-05
1412,2015-11-06
1314,2015-11-07
1136,2015-11-08
1379,2015-11-09
1288,2015-11-10
1389,2015-11-11
1391,2015-11-12
1353,2015-11-13
1182,2015-11-14
1125,2015-11-15
1408,2015-11-16
1407,2015-11-17
1397,2015-11-18
1331,2015-11-19
1434,2015-11-20
1232,2015-11-21
1173,2015-11-22
1264,2015-11-23
1318,2015-11-24
1258,2015-11-25
800,2015-11-26
1239,2015-11-27
1199,2015-11-28
1122,2015-11-29
1284,2015-11-30
1280,2015-12-01
1326,2015-12-02
1304,2015-12-03
1391,2015-12-04
1283,2015-12-05
1148,2015-12-06
1300,2015-12-07
1345,2015-12-08
1323,2015-12-09
1379,2015-12-10
1461,2015-12-11
1359,2015-12-12
1261,2015-12-13
1320,2015-12-14
1457,2015-12-15
1296,2015-12-16
1243,2015-12-17
1324,2015-12-18
1262,2015-12-19
1090,2015-12-20
1370,2015-12-21
1284,2015-12-22
1210,2015-12-23
1046,2015-12-24
797,2015-12-25
1122,2015-12-26
1161,2015-12-27
1266,2015-12-28
1220,2015-12-29
1264,2015-12-30
1085,2015-12-31
